M_solar,f_real_Hz,f_imag_Hz
10,775.5000895860934,-16.156251866376948
30,258.50002986203117,-5.385417288792317
60,129.25001493101558,-2.6927086443961583
